<?xml version="1.0" encoding="UTF-8"?>
<beans:beans xsi:schemaLocation="http://www.springframework.org/schema/mvc http://www.springframework.org/schema/mvc/spring-mvc.xsd http://www.springframework.org/schema/beans http://www.springframework.org/schema/beans/spring-beans.xsd http://www.springframework.org/schema/context http://www.springframework.org/schema/context/spring-context.xsd" xmlns:context="http://www.springframework.org/schema/context" xmlns:beans="http://www.springframework.org/schema/beans" xmlns:xsi="http://www.w3.org/2001/XMLSchema-instance" xmlns="http://www.springframework.org/schema/mvc">

<!-- 패키지 내부 클래스 중 controller가지고 있는 클래스 로딩 -->
<annotation-driven/>
<context:component-scan base-package="aa.bb.cc.controller"/>
<context:component-scan base-package="aa.bb.cc.beans"/>
<!-- controller메소드에서 반환하는 문자열 앞 뒤에 붙힐 경로정보 세팅 -->
<beans:bean class="org.springframework.web.servlet.view.InternalResourceViewResolver">
	<beans:property name="prefix" value="/WEB-INF/views/"/>
	<beans:property name="suffix" value=".jsp"/>
</beans:bean>

<resources location="/resources/" mapping="/**"/>



</beans:beans>