<?xml version="1.0" encoding="UTF-8"?>
<beans xmlns="http://www.springframework.org/schema/beans"
	xmlns:xsi="http://www.w3.org/2001/XMLSchema-instance"
	xmlns:context="http://www.springframework.org/schema/context"
	xmlns:mybatis-spring="http://mybatis.org/schema/mybatis-spring"
	xsi:schemaLocation="http://mybatis.org/schema/mybatis-spring http://mybatis.org/schema/mybatis-spring-1.2.xsd
		http://www.springframework.org/schema/beans https://www.springframework.org/schema/beans/spring-beans.xsd
		http://www.springframework.org/schema/context http://www.springframework.org/schema/context/spring-context-4.3.xsd">
	
	<!-- Root Context: defines shared resources visible to all other web components -->
		
<bean class="com.zaxxer.hikari.HikariConfig" id="hikariConfig">
	<property value="net.sf.log4jdbc.sql.jdbcapi.DriverSpy" name="driverClassName"/>
	<property value="jdbc:log4jdbc:oracle:thin:@localhost:1521/xepdb1" name="jdbcUrl"/>
	<property value="JIS" name="username"/>
	<property value="123456" name="password"/>
</bean>

<bean class="com.zaxxer.hikari.HikariDataSource" id="dataSource" destroy-method="close">
	<constructor-arg ref="hikariConfig" />
</bean>

<bean class="org.mybatis.spring.SqlSessionFactoryBean" id="sqlSessionFactory">
	<property name="dataSource" ref="dataSource" />
</bean>

<mybatis-spring:scan base-package="co.sol.mapper"/>
<context:component-scan base-package="co.sol.service"/>

</beans>
